(compre-hends),
(en-dowed),
Abanndoning,
abridgment,
accomphshed,
accomphshment,
acoount,
aham,
ahns-round,
aimsfood,
aiul,
alltogether,
aṃd,
aºga,
appear-ance,
appeara,
apphcation,
appproved,
approaehed,
araose,
arousinga,
ase,
assaihng,
avetter,
backshding,
barbless,
becaue,
becoes,
becomings,
behavior,
beheving,
belöw,
benefector,
bere,
besprent,
bkabbo,
blamable,
bloody-lianded,
bojjhanga,
bom,
bondless,
bouddhique,
boum,
bourn,
bourne,
bourns,
bouse,
bouyaney,
bowi,
brah,
brah- [369] mans,
break- [49] ing ,
Breth,
Brhad,
bright-ness,
brilhant,
cakkhuppādā,
caravsn,
cartwright,
cartwrights,
caUed,
cconduct,
claarified,
clements,
clingings,
closc,
cnce,
cognisable,
cognisahle,
cognised,
cognized,
collyrium,
color,
commander-in-ehief,
commenders,
compassionnate,
compassionnate,
completely,
compre- [61] hends ,
comprehendsas,
Con-sciousness,
concentrationy,
concomitants,
condiitions,
conditiona,
Coneh-shell,
conformably,
compre- [61] hends,
concentra- [114] tion2,
confuct,
conncction,
conneCted,
connsciousness,
connsciousness,
conntempt,
conscioueness-informed,
conscious-ness,
consciousnes,
conseuent,
consoiousness,
constructcd,
coohesion,
corredted,
counseling,
coursae,
covetise,
covetting,
creatin,
croaching,
crores,
debted,
debtless,
debtlessness,
Dehghted,
dehverance,
Dehverances,
Delghted,
dems,
desie,
desine,
Desruction,
desstroyed,
destruciion,
detachmcnt,
dham,
diamater,
diapleaaed,
diatance,
disappearsnce,
disciphne,
disciplehood,
disconten,
Discourae,
Discouse,
disintegratioon,
Disoourse,
dispair,
ditchers,
dittchers,
doea,
doesthe,
dompted,
dosam,
dosam,
dowed,
dowed,
dwelhng-plaee,
dwindhng,
dyin,
dyin...ight,
eankerless,
earher,
easeful,
eattle-butcher,
effectedan,
effeted,
eitght,
enteres,
entranced,
eommander-in-chief,
eonch-shell,
eqanimity,
equip- [395] ment ,
estabHshed,
estabhshed,
etemalist,
eternalism,
eternalist,
eternalists,
etesan,
exceUent,
excllent,
exeeUent,
exerciscs,
existance,
existant,
experiienccd,
experiience,
experiienced,
experiiences,
explainin,
extensity,
exxperience,
fá¹�,
favored,
feehng,
feeilng,
feeliing,
felloe,
felloe's,
feU,
ficient,
fietcher,
fiowing-in,
fire-stiek,
foÃ¼owing,
fodder,
fohage,
foliowed,
Foohsh,
foohsh,
frauding,
friendHness,
frondosa,
fuÃ¼,
fulness,
fuUy,
gelder,
grcat,
hÃ¼ndred,
happines,
harmlessnes,
harmming,
having'approached,
He com- [109] prehends,
heav'n,
hecause,
hends,
hends,
hereon,
hespoke,
hght,
hia,
higgling,
himst,
himst:llf,
himst:llf,
hindranoo,
hke,
hmbs,
homeiessness,
homeleas-ness,
homeless- [134] ness,
homeless-ness,
horrification,
horripilation,
"href=""#fn10"">10",
hsten,
httle,
hved,
hves,
hving,
iaÄ«nam,
ight,
ihtuitive,
immeasurabe,
immergence,
Imperisliable,
imposaible,
imposthume,
imposthumes,
inchne,
inchnes,
incomposite,
innformed,
inoludes,
insig- [41] nificant,
instable,
insubstantiahty,
intelhgent,
intemal,
inter- [215] nally,
intereated,
interupt,
INTH,
into,
ISCOURSE,
jhāma,
jhana,
jhana,
jhanas,
kammaṁ,
kasina,
knowlege,
knowwledge,
knowwledge-and-vision,
laftter's,
lay-diseiple,
layfoUowera,
leearner's,
liahle,
life-prineiple,
light-manifestaiion,
liveliood,
loating,
m,
maerial,
manmsānaṁ,
marvelous,
meditatin,
ment,
mesentary,
mesentery,
middday,
mignt,
mind-and-matterial,
mindfuiness,
mindfullness,
mmd,
muita,
naking,
neithcr-perccption-nor-non-perception,
neither-percep-tion-nor-non-pereeption,
neither-perception-nor-non-pereeption,
neither-perception-nor-not-pereeption,
neither-perception-rior-non-perception,
neither-pereeeption-nor-non-perception,
neither-pereeption-nor-non-perception,
nibbāaṁ,
nibbānam,nibbānaṁ
nihihst,
nilckhitto,
nouished,
nuckles,
objeot,
occured,
occurrs,
offense,
ofself,
once-retumer,
once-retumers,
once-retuming,
onging,
oonsoiousness-informed,
overrlord,
painnful,
perrception,
perservering,
pingo,
pleasaunce,
pleasurs,
plowing,
pohshed,
pondensed,
posssible,
powerexperience,
practiced,
praḌahya,
pragraphs,
procceds,
psycho-physicahty,
psycho-physieahty,
psyeho-physicahty,
psyeho-physieality,
quahties,
qualifing,
quenchedness,
quenehedness,
quesioned,
queston,
rature,
rcally,
reaHsed,
reahsed,
reahsing,
reasonabe,
recluseship,
referenee,
rehgious,
rejoiced m what,rejoiced im what
repressionist,
requisits,
reveraence,
reverenee,
reverenoes,
reverfed,
reverrend,
ru1e,
rumor,
Saids,
saṁdhi,
saṁsara,
Sanaºkumāra,
saºgati,
saºgati,
Sarabhaºga,
satipatthana,
satis-faction,
savored,
savoring,
savourings,
sayOne,
sÄ�1ayo,
sce,
secnrity,
secutity,
sel,
self-awakencd,
self-mortificationbr,
selfawakening,
selfresolute,
selftormentor,
sense-pleasnres,
sense-plesures,
senseá¸¤field,
senseá¸¤pleasures,
senseá¹�pleasures,
sensee-pleasures,
senual,
shavehng,
shold,
shown to bu perfect,
shpes,
signficant,
smihng,
snn,
snould,
sohd,
sohtary,
somc,
someething,
somo,
soouth,
spake,
spcak,
specch,
speeeh,
spritual,
srive,
stabihty,
stales,
statcs,
stretchcs,
strivera,
stumbhng-block,
stumbhng-blocks,
surrgeon,
synovic,
tbe,
tc,
teacber,
teachimg,
Ṭggivessana,
th¢,
theLord's,
theother,
theSakyans,
thfl,
thfl,
thge,
thge,
thinga,
thinga,
thirty-twc,
tho,
tis,
tlie,
tliis,
tmesis,
Ṭnuttaro,
toknowledge,
tooI,
touchs,
tranqillised,
tranquilhsed,
tranquilized,
tranquilliscd,
travelhng,
triith,
troble,
turbulance,
kulapvltu,
uf,
uind,
unariyan,
unaryian,
underrgo,
unintelhgent,
unmetrieal,
unnchastity,
unsulhed,
upwrong,
vearns,
veiy,
vernable,
vetoh-soup,
vicara,
vihara,
Washen,
washen,
wbo,
whiohever,
whoEy,
wiil,
wisespread,
wisespread,
WOFOLD,
worid-systems,
woud,
ws,
